Country; mode; Target Person; Year; Article in law; Procedure; Conditions; Category
"Afghanistan";"L05";"Person who acquires a foreign citizenship";"2024";"No provision";"n.a.";"n.a.";"No provision" 
"Albania";"L05";"Person who acquires a foreign citizenship";"2024";"No provision";"n.a.";"n.a.";"No provision" 
"Algeria";"L05";"Person who acquires a foreign citizenship";"2024";"No provision";"n.a.";"n.a.";"No provision" 
"Angola";"L05";"Person who acquires a foreign citizenship";"2024";"No provision";"n.a.";"n.a.";"No provision" 
"Antigua and Barbuda";"L05";"Person who acquires a foreign citizenship";"2024";"No provision";"n.a.";"n.a.";"No provision" 
"Argentina";"L05";"Person who acquires a foreign citizenship";"2024";"No provision";"n.a.";"n.a.";"No provision" 
"Armenia";"L05";"Person who acquires a foreign citizenship";"2024";"No provision";"n.a.";"n.a.";"No provision" 
"Australia";"L05";"Person who acquires a foreign citizenship";"2024";"No provision";"n.a.";"n.a.";"No provision" 
"Austria";"L05";"Person who acquires a foreign citizenship";"2024";"AUT 27, 28";"Lapse";"Person acquires citizenship of another country on the basis of an application, a declaration or an explicit expression of consent, and has not obtained permission to retain citizenship. Permission to retain citizenship may be granted if a) retaining citizenship is in the interest of the country due to past and expected future achievements of the applicant or due to other special reasons or b) if person has acquired citizenship by descent and special reasons exist that are related to the person's private or family life, or - in case the person is a minor - if this is in the interests of the child. Conditions: the other country agrees to the retention of the Austrian citizenship, clean criminal record, no adverse impact on the international relations of the Republic of Austria and the person must have an <d4>affirmative attitude towards the Republic of Austria<d5>, and he or she must not represent a danger to public law, order and security including any other public interest that is covered by Art. 8(2) ECHR.";"Generally applicable provision (lapse)" 
"Azerbaijan";"L05";"Person who acquires a foreign citizenship";"2024";"AZE 18";"Withdrawal";"Person voluntarily acquires citizenship of another country.";"Generally applicable provision (withdrawal)" 
"Bahamas";"L05";"Person who acquires a foreign citizenship";"2024";"No provision";"n.a.";"n.a.";"No provision" 
"Bahrain";"L05";"Person who acquires a foreign citizenship";"2024";"BAH 9(1)(a), 7(1); BAH 8(c), 7(2)";"Withdrawal; Withdrawal";"Person has voluntarily acquired another citizenship without prior permission and an order is issued by His Majesty the Governor to withdraw the person's citizenship. Except if person acquired one of the nationalities of the Member States of the Cooperation Council for the Arab States of the Gulf. Art. 7(1) talks explicitly about female citizens who acquires the citizenship of her foreign spouse.; Person is a naturalised citizen and retrieves his original citizenship without obtaining the prior permission of the Minister of Interior. Except if the person holds one of the nationalities of the Member States of the Cooperation Council for the Arab States of the Gulf. Art. 7(2) talks explicitly about female naturalised citizens who acquired the Bahraini citizenship as a spouse of a male citizen, who retrieves her original citizenship after marriage ties are broken.";"Generally applicable provision but with exceptions (withdrawal)" 
"Bangladesh";"L05";"Person who acquires a foreign citizenship";"2024";"BAN 14,  Bangladesh Citizenship (Temporary Provisions) Order 1972 2B";"Lapse";"The person acquiring a foreign citizenship (or is about to acquire) may relinquish Bangladeshi citizenship voluntarily, asking the government to release him. When Bangladeshi citizenship is not relinquished voluntarily in this situation, it lapses ipso facto. Except if person acquires the nationality of any state of Europe or North America or any other State specified by the Government in this behalf and applies for retention of his/her original nationality.";"Generally applicable provision but with exceptions (lapse)" 
"Barbados";"L05";"Person who acquires a foreign citizenship";"2024";"No provision";"n.a.";"n.a.";"No provision" 
"Belarus";"L05";"Person who acquires a foreign citizenship";"2024";"No provision";"n.a.";"n.a.";"No provision" 
"Belgium";"L05";"Person who acquires a foreign citizenship";"2024";"No provision";"n.a.";"n.a.";"No provision" 
"Belize";"L05";"Person who acquires a foreign citizenship";"2024";"Const 27, BLZ 21(1)(f)";"Withdrawal";"Person is a citizen otherwise than by birth or descent who acquires citizenship of another country.";"Loss only applies to naturalised citizens/citizens otherwise than by birth (withdrawal)" 
"Benin";"L05";"Person who acquires a foreign citizenship";"2024";"BEN 3";"n.a.";"(No provision on loss of citizenship, but law includes an explicit statement that Benin accepts the right to multiple citizenship.)";"No provision" 
"Bhutan";"L05";"Person who acquires a foreign citizenship";"2024";"Const 6(5), BHU 6(a)";"Lapse";"Person acquires citizenship of another country.";"Generally applicable provision (lapse)" 
"Bolivia";"L05";"Person who acquires a foreign citizenship";"2024";"No provision";"n.a.";"n.a.";"No provision" 
"Bosnia and Herzegovina";"L05";"Person who acquires a foreign citizenship";"2024";"No provision";"n.a.";"n.a.";"No provision" 
"Botswana";"L05";"Person who acquires a foreign citizenship";"2024";"BOT 15(2)";"Lapse";"Person is over 18 years of age and acquires citizenship of another country by voluntary and formal act.";"Generally applicable provision (lapse)" 
"Brazil";"L05";"Person who acquires a foreign citizenship";"2024";"No provision";"n.a.";"n.a.";"No provision" 
"Brunei";"L05";"Person who acquires a foreign citizenship";"2024";"BRU 9(5)(a)";"Lapse";"Person voluntarily acquires citizenship of another country.";"Generally applicable provision (lapse)" 
"Bulgaria";"L05";"Person who acquires a foreign citizenship";"2024";"No provision";"n.a.";"n.a.";"No provision" 
"Burkina Faso";"L05";"Person who acquires a foreign citizenship";"2024";"No provision";"n.a.";"n.a.";"No provision" 
"Burundi";"L05";"Person who acquires a foreign citizenship";"2024";"No provision";"n.a.";"n.a.";"No provision" 
"Cambodia";"L05";"Person who acquires a foreign citizenship";"2024";"No provision";"n.a.";"n.a.";"No provision" 
"Cameroon";"L05";"Person who acquires a foreign citizenship";"2024";"CAM 31(a)";"Lapse";"Person is an adult who acquires another citizenship.";"Generally applicable provision (lapse)" 
"Canada";"L05";"Person who acquires a foreign citizenship";"2024";"No provision";"n.a.";"n.a.";"No provision" 
"Cape Verde";"L05";"Person who acquires a foreign citizenship";"2024";"No provision";"n.a.";"n.a.";"No provision" 
"Central African Republic";"L05";"Person who acquires a foreign citizenship";"2024";"CAR 46";"Lapse";"Person voluntarily acquires or declares recognition of another citizenship.";"Generally applicable provision (lapse)" 
"Chad";"L05";"Person who acquires a foreign citizenship";"2024";"No provision";"n.a.";"n.a.";"No provision" 
"Chile";"L05";"Person who acquires a foreign citizenship";"2024";"No provision";"n.a.";"n.a.";"No provision" 
"China";"L05";"Person who acquires a foreign citizenship";"2024";"CHI 3, 9";"Lapse";"Person is settled abroad and has voluntarily acquired another citizenship.";"Generally applicable provision (lapse)" 
"Colombia";"L05";"Person who acquires a foreign citizenship";"2024";"No provision";"n.a.";"n.a.";"No provision" 
"Comoros";"L05";"Person who acquires a foreign citizenship";"2024";"COM 51";"Lapse";"The 2001 Constitution provides that no one who is Comorian from birth can be deprived of their nationality. However, the 1979 law provides for loss on acquisition of another nationality (subject to authorisation during the period of military service), leaving the law on dual nationality unclear (source: citizenshiprightsafrica.org).";"Loss only applies to naturalised citizens/citizens otherwise than by birth (lapse)" 
"Congo - Brazzaville";"L05";"Person who acquires a foreign citizenship";"2024";"No provision";"n.a.";"n.a.";"No provision" 
"Congo - Kinshasa (DR)";"L05";"Person who acquires a foreign citizenship";"2024";"DRC 26";"Lapse";"Person acquires another citizenship.";"Generally applicable provision (lapse)" 
"Costa Rica";"L05";"Person who acquires a foreign citizenship";"2024";"No provision";"n.a.";"n.a.";"No provision" 
"Cote d&#8216;Ivoire";"L05";"Person who acquires a foreign citizenship";"2024";"CIV 48";"Lapse";"Person acquires citizenship of another country.  Loss is subordinated to authorisation of government during 15 period following inscription on lists for military service (these lists were never established).";"Generally applicable provision (lapse)" 
"Croatia";"L05";"Person who acquires a foreign citizenship";"2024";"No provision";"n.a.";"n.a.";"No provision" 
"Cuba";"L05";"Person who acquires a foreign citizenship";"2024";"No provision";"n.a.";"n.a. (Constitutional provision states that citizenship is not lost if another citizenship is acquired.)";"No provision" 
"Cyprus";"L05";"Person who acquires a foreign citizenship";"2024";"No provision";"n.a.";"n.a.";"No provision" 
"Czech Republic";"L05";"Person who acquires a foreign citizenship";"2024";"No provision";"n.a.";"n.a.";"No provision" 
"Denmark";"L05";"Person who acquires a foreign citizenship";"2024";"No provision";"n.a.";"n.a.";"No provision" 
"Djibouti";"L05";"Person who acquires a foreign citizenship";"2024";"No provision";"n.a.";"n.a.";"No provision" 
"Dominica";"L05";"Person who acquires a foreign citizenship";"2024";"No provision";"n.a.";"n.a.";"No provision" 
"Dominican Republic";"L05";"Person who acquires a foreign citizenship";"2024";"No provision";"n.a.";"n.a.";"No provision" 
"East Timor";"L05";"Person who acquires a foreign citizenship";"2024";"No provision";"n.a.";"n.a.";"No provision" 
"Ecuador";"L05";"Person who acquires a foreign citizenship";"2024";"No provision";"n.a.";"n.a.";"No provision" 
"Egypt";"L05";"Person who acquires a foreign citizenship";"2024";"EGY 10";"Withdrawal";"Person acquires citizenship of another country, except if s/he obtains permission.";"Generally applicable provision but with exceptions (withdrawal)" 
"El Salvador";"L05";"Person who acquires a foreign citizenship";"2024";"No provision";"n.a.";"n.a.";"No provision" 
"Equatorial Guinea";"L05";"Person who acquires a foreign citizenship";"2024";"EQG 13";"Lapse";"Person has voluntarily acquired another citizenship unless a treaty of dual citizenship is in place.";"Generally applicable provision (lapse)" 
"Eritrea";"L05";"Person who acquires a foreign citizenship";"2024";"ERI 8(1)(a), 8(1)(c)";"Withdrawal";"Person voluntarily acquires another citizenship or signs an oath of allegiance to another country after publication of the 1992 Proclamation (=nationality law).";"Generally applicable provision (withdrawal)" 
"Estonia";"L05";"Person who acquires a foreign citizenship";"2024";"EST 29";"Lapse";"Person voluntarily acquires citizenship of another country. Provision is also applicable to persons who acquired citizenship during minority (exceptions outlined in EST 3 apply). Article 8 of the Constitution and Article 5(3) of the Citizenship Act, which preclude deprivation of Estonian citizenship obtained by birth.";"Loss only applies to naturalised citizens/citizens otherwise than by birth (lapse)" 
"Eswatini";"L05";"Person who acquires a foreign citizenship";"2024";"Const 49(1)(b), 49(1)(c)";"Withdrawal";"Person has shown himself by any overt act other than marriage to have acquired another citizenship, or person has by any voluntary act other than marriage acquired another citizenship.";"Generally applicable provision (withdrawal)" 
"Ethiopia";"L05";"Person who acquires a foreign citizenship";"2024";"ETH 20";"Lapse";"Person has voluntarily acquired citizenship of another country.";"Generally applicable provision (lapse)" 
"Fiji";"L05";"Person who acquires a foreign citizenship";"2024";"No provision";"n.a.";"n.a.";"No provision" 
"Finland";"L05";"Person who acquires a foreign citizenship";"2024";"No provision";"n.a.";"n.a.";"No provision" 
"France";"L05";"Person who acquires a foreign citizenship";"2024";"No provision";"n.a.";"n.a.";"No provision" 
"Gabon";"L05";"Person who acquires a foreign citizenship";"2024";"No provision";"n.a.";"n.a.";"No provision" 
"Gambia";"L05";"Person who acquires a foreign citizenship";"2024";"Const 13(1)(a), GAM 10";"Withdrawal";"Person is a citizen other than by birth or descent and acquired citizenship of another country by voluntary act other than marriage, or exercised rights accorded to citizens in that country, and it is not conducive to the public good that s/he should remain a citizen.";"Loss only applies to naturalised citizens/citizens otherwise than by birth (withdrawal)" 
"Georgia";"L05";"Person who acquires a foreign citizenship";"2024";"GEO 21, 21-1";"Withdrawal";"Person acquires citizenship of a foreign country, except if person has obtained permission for retention of citizenship. Permission to retain Georgian nationality IS granted if there is deemed to be a genuine connection of that person with Georgia";"Generally applicable provision but with exceptions (withdrawal)" 
"Germany";"L05";"Person who acquires a foreign citizenship";"2024";"GER 25";"Lapse";"Person acquires citizenship of another country by naturalisation and does not obtain permission to retain German citizenship (discretionary). Provision does not apply if person acquires citizenship of an EU Member State or Switzerland.";"Generally applicable provision but with exceptions (lapse)" 
"Ghana";"L05";"Person who acquires a foreign citizenship";"2024";"No provision";"n.a.";"n.a.";"No provision" 
"Greece";"L05";"Person who acquires a foreign citizenship";"2024";"No provision";"n.a.";"n.a.";"No provision" 
"Grenada";"L05";"Person who acquires a foreign citizenship";"2024";"No provision";"n.a.";"n.a.";"No provision" 
"Guatemala";"L05";"Person who acquires a foreign citizenship";"2024";"No provision";"n.a.";"n.a.";"No provision" 
"Guinea";"L05";"Person who acquires a foreign citizenship";"2024";"No provision";"n.a.";"n.a.";"No provision" 
"Guinea Bissau";"L05";"Person who acquires a foreign citizenship";"2024";"No provision";"n.a.";"n.a.";"No provision" 
"Guyana";"L05";"Person who acquires a foreign citizenship";"2024";"Const 46(1)";"Withdrawal";"A person acquires citizenship of another country by a voluntary and official act otherwise than by marriage after May 25, 1966.";"Generally applicable provision (withdrawal)" 
"Haiti";"L05";"Person who acquires a foreign citizenship";"2024";"No provision";"n.a.";"n.a.";"No provision" 
"Honduras";"L05";"Person who acquires a foreign citizenship";"2024";"Const 29(1), HON 65(1)";"Withdrawal";"Person is a citizen by naturalisation and acquires citizenship of another country.";"Loss only applies to naturalised citizens/citizens otherwise than by birth (withdrawal)" 
"Hungary";"L05";"Person who acquires a foreign citizenship";"2024";"No provision";"n.a.";"n.a.";"No provision" 
"Iceland";"L05";"Person who acquires a foreign citizenship";"2024";"No provision";"n.a.";"n.a.";"No provision" 
"India";"L05";"Person who acquires a foreign citizenship";"2024";"IND 9";"Lapse";"Person voluntarily acquires citizenship of another country.";"Generally applicable provision (lapse)" 
"Indonesia";"L05";"Person who acquires a foreign citizenship";"2024";"IND 23(a)";"Lapse";"Person voluntarily acquires a foreign citizenship.";"Generally applicable provision (lapse)" 
"Iran";"L05";"Person who acquires a foreign citizenship";"2024";"No provision";"n.a.";"n.a. (note: Woman loses citizenship automatically if she acquires the nationality of her foreign spouse by marriage (IRN 987))";"No provision" 
"Iraq";"L05";"Person who acquires a foreign citizenship";"2024";"No provision";"n.a.";"n.a.";"No provision" 
"Ireland";"L05";"Person who acquires a foreign citizenship";"2024";"IRE 19(1)(e)";"Withdrawal";"Person voluntarily acquires citizenship of another country otherwise than by marriage and acquired Irish citizenship by naturalisation.";"Loss only applies to naturalised citizens/citizens otherwise than by birth (withdrawal)" 
"Israel";"L05";"Person who acquires a foreign citizenship";"2024";"No provision";"n.a.";"n.a.";"No provision" 
"Italy";"L05";"Person who acquires a foreign citizenship";"2024";"No provision";"n.a.";"n.a.";"No provision" 
"Jamaica";"L05";"Person who acquires a foreign citizenship";"2024";"No provision";"n.a.";"n.a.";"No provision" 
"Japan";"L05";"Person who acquires a foreign citizenship";"2024";"JAP 11";"Lapse";"Person voluntarily acquires citizenship of another country.";"Generally applicable provision (lapse)" 
"Jordan";"L05";"Person who acquires a foreign citizenship";"2024";"No provision";"n.a.";"n.a.";"No provision" 
"Kazakhstan";"L05";"Person who acquires a foreign citizenship";"2024";"KAZ 21";"Lapse";"Person acquires citizenship of another country.";"Generally applicable provision (lapse)" 
"Kenya";"L05";"Person who acquires a foreign citizenship";"2024";"No provision";"n.a.";"n.a.";"No provision" 
"Kiribati";"L05";"Person who acquires a foreign citizenship";"2024";"Const 24, KIR 8(1)(a)";"Lapse";"Person not of i-Kiribati descent who became a citizen on independence day (12 July 1979) but does not renounce foreign citizenship within two years ceases to be Kiribati citizen (Constitution). Person not of I-Kiribati descent who became a citizen after independence day (12 July 1979) loses citizenship if he/she obtains another citizenship by voluntary act (other than marriage) (Citizenship Act).";"Generally applicable provision but with exceptions (lapse)" 
"Kosovo";"L05";"Person who acquires a foreign citizenship";"2024";"No provision";"n.a.";"n.a.";"No provision" 
"Kuwait";"L05";"Person who acquires a foreign citizenship";"2024";"KUW 11";"Withdrawal";"Person voluntarily naturalised in another country.";"Generally applicable provision (withdrawal)" 
"Kyrgyzstan";"L05";"Person who acquires a foreign citizenship";"2024";"KYR 26";"Withdrawal";"Person acquires citizenship of States bordering Kyrgyzstan (Kazakhstan, Uzbekistan, Tajikistan and China).";"No provision" 
"Laos";"L05";"Person who acquires a foreign citizenship";"2024";"No provision";"n.a.";"n.a.";"No provision" 
"Latvia";"L05";"Person who acquires a foreign citizenship";"2024";"LAT 9(1), 23(2), 24(1)(1)";"Withdrawal";"Person acquires citizenship of another country (and is under an obligation to inform the Latvian authorities of this within 30 days). Unless this country is a Member State of the EU, EFTA or NATO, Australia, Brazil or New Zealand, or a country with which Latvia concluded a dual citizenship agreement. Person may receive permission from the government if retention of Latvian citizenship is in the State.";"Generally applicable provision but with exceptions (withdrawal)" 
"Lebanon";"L05";"Person who acquires a foreign citizenship";"2024";"No provision";"n.a.";"n.a.";"No provision" 
"Lesotho";"L05";"Person who acquires a foreign citizenship";"2024";"No provision";"n.a.";"n.a.";"No provision" 
"Liberia";"L05";"Person who acquires a foreign citizenship";"2024";"No provision";"n.a.";"The law includes an explicit statement that a Liberian citizen may acquire another citizenship without affecting his or her Liberian citizenship.";"No provision" 
"Libya";"L05";"Person who acquires a foreign citizenship";"2024";"LIB 2010(5)";"Lapse";"Person acquires citizenship of another country without prior permission";"Generally applicable provision (lapse)" 
"Liechtenstein";"L05";"Person who acquires a foreign citizenship";"2024";"No provision";"n.a.";"n.a.";"No provision" 
"Lithuania";"L05";"Person who acquires a foreign citizenship";"2024";"LIT 24(2), 26(2)";"Lapse";"Person acquires citizenship of another country (there are exceptions). Person should inform Lithuania within 2 months of acquisition of citizenship of the other country).";"Generally applicable provision but with exceptions (lapse)" 
"Luxembourg";"L05";"Person who acquires a foreign citizenship";"2024";"No provision";"n.a.";"n.a.";"No provision" 
"Macedonia";"L05";"Person who acquires a foreign citizenship";"2024";"No provision";"n.a.";"n.a.";"No provision" 
"Madagascar";"L05";"Person who acquires a foreign citizenship";"2024";"MAD 42-44, 47";"Lapse";"Person voluntarily acquires another citizenship. Person is subject to military service for 15 years after and the loss is subject to authorisation by decree. Or person is a woman who marries a foreigner, lives outside Madagascar, and acquires citizenship of the husband automatically.";"Generally applicable provision (lapse)" 
"Malawi";"L05";"Person who acquires a foreign citizenship";"2024";"No provision";"n.a.";"n.a.";"No provision" 
"Malaysia";"L05";"Person who acquires a foreign citizenship";"2024";"Const 24(1); Const 24(4)";"Withdrawal; Withdrawal";"Person acquired citizenship of another country by a voluntary and formal act other than by marriage; Person is a woman who is a citizen by registration and who subsequently acquired citizenship of another country through marriage with a foreigner.";"Generally applicable provision (withdrawal)" 
"Mali";"L05";"Person who acquires a foreign citizenship";"2024";"No provision";"n.a.";"n.a.";"No provision" 
"Malta";"L05";"Person who acquires a foreign citizenship";"2024";"No provision";"n.a.";"n.a.";"No provision" 
"Marshall Islands";"L05";"Person who acquires a foreign citizenship";"2024";"MHL 406";"Withdrawal";"Minister can apply to High Court for cancellation of citizenship where person has obtained the nationality or citizenship of another country by a voluntary act (other than marriage or with the express approval of the Cabinet).";"Generally applicable provision (withdrawal)" 
"Mauritania";"L05";"Person who acquires a foreign citizenship";"2024";"No provision";"n.a.";"n.a.";"No provision" 
"Mauritius";"L05";"Person who acquires a foreign citizenship";"2024";"N1968, 12.1";"Withdrawal";"Person is a citizen by naturalisation and voluntarily acquires citizenship of another country.";"Loss only applies to naturalised citizens/citizens otherwise than by birth (withdrawal)" 
"Mexico";"L05";"Person who acquires a foreign citizenship";"2024";"Const 37B(1)";"Withdrawal";"Person is a citizen by naturalisation and voluntarily acquires citizenship of another country.";"Loss only applies to naturalised citizens/citizens otherwise than by birth (withdrawal)" 
"Micronesia";"L05";"Person who acquires a foreign citizenship";"2024";"FSM 206(1)(a)";"Withdrawal";"Loss of citizenship by voluntarily obtaining naturalization in a foreign state";"Generally applicable provision (withdrawal)" 
"Moldova";"L05";"Person who acquires a foreign citizenship";"2024";"No provision";"n.a.";"n.a.";"No provision" 
"Mongolia";"L05";"Person who acquires a foreign citizenship";"2024";"No provision";"n.a.";"n.a.";"No provision" 
"Montenegro";"L05";"Person who acquires a foreign citizenship";"2024";"MON 24(1)";"Withdrawal";"Person voluntarily acquires citizenship of another country. Provision does not apply when a dual citizenship agreement exists with that country.";"Generally applicable provision (withdrawal)" 
"Morocco";"L05";"Person who acquires a foreign citizenship";"2024";"No provision";"n.a.";"n.a.";"No provision" 
"Mozambique";"L05";"Person who acquires a foreign citizenship";"2024";"No provision";"n.a.";"n.a.";"No provision" 
"Myanmar";"L05";"Person who acquires a foreign citizenship";"2024";"MYA 13, 16-17, 34, 57";"Lapse";"Person acquires citizenship of another country or registers as a citizen of another country.";"Generally applicable provision (lapse)" 
"Namibia";"L05";"Person who acquires a foreign citizenship";"2024";"Const 4(8)(a), NAM 7(1)(a)-(c)";"Lapse";"Person is a naturalised citizen and voluntarily acquires another citizenship or acquires it involuntarily and fails to renounce the other citizenship within 1 year.";"Loss only applies to naturalised citizens/citizens otherwise than by birth (lapse)" 
"Nauru";"L05";"Person who acquires a foreign citizenship";"2024";"No provision";"n.a.";"n.a. (Dual citizenship expressly permitted by NRU 16)";"No provision" 
"Nepal";"L05";"Person who acquires a foreign citizenship";"2024";"NEP 10(1)";"Lapse";"Person acquires citizenship of another country.";"Generally applicable provision (lapse)" 
"Netherlands";"L05";"Person who acquires a foreign citizenship";"2024";"NET 15(1)(a), 16(1)(e)";"Lapse";"Person voluntarily acquires citizenship of another country. Provision does not apply if person is born and resides in another country, or resided in another country for 5 years before majority, or is married to a citizen of another country (adults), or his/her parent is citizen of the Netherlands (minors), or acquired citizenship by birth in the Netherlands. No exception to main rule if Article 1 of 1963 Strasbourg Convention applies.";"Generally applicable provision but with exceptions (lapse)" 
"New Zealand";"L05";"Person who acquires a foreign citizenship";"2024";"No provision";"n.a.";"n.a.";"No provision" 
"Nicaragua";"L05";"Person who acquires a foreign citizenship";"2024";"Const 20, NIC 47, 64";"Withdrawal";"Person is a citizen by naturalisation who voluntarily acquires citizenship of another country.";"Loss only applies to naturalised citizens/citizens otherwise than by birth (withdrawal)" 
"Niger";"L05";"Person who acquires a foreign citizenship";"2024";"No provision";"n.a.";"n.a.";"No provision" 
"Nigeria";"L05";"Person who acquires a foreign citizenship";"2024";"C1999 28.1";"Lapse";"Person is not a citizen of Nigeria by birth and  acquires or retains another citizenship of a country of which he is not a citizen by birth.";"Loss only applies to naturalised citizens/citizens otherwise than by birth (lapse)" 
"North Korea";"L05";"Person who acquires a foreign citizenship";"2024";"No provision";"n.a.";"n.a.";"No provision" 
"Norway";"L05";"Person who acquires a foreign citizenship";"2024";"No provision";"n.a.";"n.a.";"No provision" 
"Oman";"L05";"Person who acquires a foreign citizenship";"2024";"OMA 5, OMA 19";"Withdrawal";"Person has acquired a foreign citizenship without prior permission of the authorities.";"Generally applicable provision (withdrawal)" 
"Pakistan";"L05";"Person who acquires a foreign citizenship";"2024";"PAK 14";"Lapse";"The person acquiring a foreign citizenship (or is about to acquire) may relinquish Pakistan citizenship voluntarily, asking the government to release him. When Pakistan citizenship is not relinquished voluntarily in this situation, it lapses ipso facto. Provision does not apply to a female citizen of Pakistan who is married to a person who is not a citizen of Pakistan. Provision is not applied to persons who acquire citizenship in the following countries: UK, France, Italy, Belgium, Iceland, Australia, New Zealand, Canada, Finland, Egypt, Jordan, Syria, Switzerland, the Netherlands, USA, Sweden, Ireland, Bahrain and Denmark.";"Generally applicable provision but with exceptions (lapse)" 
"Palau";"L05";"Person who acquires a foreign citizenship";"2024";"No provision";"n.a.";"n.a.";"No provision" 
"Panama";"L05";"Person who acquires a foreign citizenship";"2024";"Const 13";"Lapse";"Person is a citizen by naturalisation and acquires citizenship of another country.";"Loss only applies to naturalised citizens/citizens otherwise than by birth (lapse)" 
"Papua New Guinea";"L05";"Person who acquires a foreign citizenship";"2024";"Const 70(1)(a)-(d), PNG 6C";"Lapse";"Automatic loss of citizenship by obtaining nationality or citizenship of another country by voluntary act other than marriage. Automatic loss of citizenship by exercising a right exclusive to nationals of another country or taking oath or allegiance to foreign country. Except if citizenship of a designated country is acquired and permission is requested for retention of citizenship (Australia, Fiji, Germany, New Zealand, Samoa, United Kingdom, United States of America and Vanuatu). Automatic loss of citizenship where person travels on a foreign passport (some exceptions, including with approval of minister).";"Generally applicable provision but with exceptions (lapse)" 
"Paraguay";"L05";"Person who acquires a foreign citizenship";"2024";"Const 150";"Lapse";"Person is a citizen by naturalisation and voluntarily acquires another citizenship.";"Loss only applies to naturalised citizens/citizens otherwise than by birth (lapse)" 
"Peru";"L05";"Person who acquires a foreign citizenship";"2024";"No provision";"n.a.";"n.a.";"No provision" 
"Philippines";"L05";"Person who acquires a foreign citizenship";"2024";"Commonwealth Act no. 63 1(1) (as amended by Republic Act no. 9225, 2)";"Lapse";"Person is not a natural-born citizen and acquires citizenship of another country by naturalisation.";"Loss only applies to naturalised citizens/citizens otherwise than by birth (lapse)" 
"Poland";"L05";"Person who acquires a foreign citizenship";"2024";"No provision";"n.a.";"n.a.";"No provision" 
"Portugal";"L05";"Person who acquires a foreign citizenship";"2024";"No provision";"n.a.";"n.a.";"No provision" 
"Qatar";"L05";"Person who acquires a foreign citizenship";"2024";"QAT 11(5)";"Withdrawal";"Person acquires citizenship of another country.";"Generally applicable provision (withdrawal)" 
"Romania";"L05";"Person who acquires a foreign citizenship";"2024";"No provision";"n.a.";"n.a.";"No provision" 
"Russia";"L05";"Person who acquires a foreign citizenship";"2024";"No provision";"n.a.";"n.a.";"No provision" 
"Rwanda";"L05";"Person who acquires a foreign citizenship";"2024";"No provision";"n.a.";"n.a.";"No provision" 
"Saint Kitts and Nevis";"L05";"Person who acquires a foreign citizenship";"2024";"No provision";"n.a.";"n.a.";"No provision" 
"Saint Lucia";"L05";"Person who acquires a foreign citizenship";"2024";"No provision";"n.a.";"n.a.";"No provision" 
"Saint Vincent and the Grenadines";"L05";"Person who acquires a foreign citizenship";"2024";"No provision";"n.a.";"n.a.";"No provision" 
"Samoa";"L05";"Person who acquires a foreign citizenship";"2024";"No provision";"n.a.";"n.a.";"No provision" 
"Sao Tome and Principe";"L05";"Person who acquires a foreign citizenship";"2024";"No provision";"n.a.";"n.a.";"No provision" 
"Saudi Arabia";"L05";"Person who acquires a foreign citizenship";"2024";"SAU 13(a)";"Withdrawal";"Person obtains another citizenship without permission by the Prime Minister. Person is given a 3 month warning before citizenship is withdrawn.";"Generally applicable provision (withdrawal)" 
"Senegal";"L05";"Person who acquires a foreign citizenship";"2024";"N1961 18";"Lapse";"Senegalese nationality is lost by voluntary acquisition of a foreign nationality. However, during a period of 15 years, the loss of the Senegalese nationality is subject to the authorization of the Government";"Generally applicable provision (lapse)" 
"Serbia";"L05";"Person who acquires a foreign citizenship";"2024";"No provision";"n.a.";"n.a.";"No provision" 
"Seychelles";"L05";"Person who acquires a foreign citizenship";"2024";"No provision";"n.a.";"n.a.";"No provision" 
"Sierra Leone";"L05";"Person who acquires a foreign citizenship";"2024";"No provision";"n.a.";"n.a.";"No provision" 
"Singapore";"L05";"Person who acquires a foreign citizenship";"2024";"Const 134(1)(a)";"Withdrawal";"Person acquired citizenship of another country by a voluntary and formal act other than by marriage.";"Generally applicable provision (withdrawal)" 
"Slovakia";"L05";"Person who acquires a foreign citizenship";"2024";"SLK 9(1)(b)";"Lapse";"Note: Person who acquires citizenship of another country otherwise than by birth or marriage loses Slovak citizenship except if that person has legally resided in that other country for at least five years at the time of acquiring the foreign citizenship. Due to this broad exception ground, citizenship is in principle not lost upon acquisition of a foreign citizenship in practice.";"No provision" 
"Slovenia";"L05";"Person who acquires a foreign citizenship";"2024";"No provision";"n.a.";"n.a.";"No provision" 
"Solomon Islands";"L05";"Person who acquires a foreign citizenship";"2024";"No provision";"n.a.";"n.a.";"No provision" 
"Somalia";"L05";"Person who acquires a foreign citizenship";"2024";"No provision";"n.a.";"n.a. (Note: nationality law provides that a person voluntarily acquiring another citizenship will lose Somali citizenship, while constitution provides that a person who is a Somali citizen cannot be deprived of Somali citizenship, even if s/he becomes a citizen of another country.)";"No provision" 
"South Africa";"L05";"Person who acquires a foreign citizenship";"2024";"SA 6(1), 6(2)";"Lapse";"Person voluntarily acquires another citizenship and does not apply in advance to retain South African citizenship.";"Generally applicable provision but with exceptions (lapse)" 
"South Korea";"L05";"Person who acquires a foreign citizenship";"2024";"ROK 15";"Lapse";"Person has voluntarily acquired citizenship of another country. Does not apply in the following cases if the person makes a declaration within 6 months of acquiring foreign citizenship to retain South Korean citizenship: person acquired the same citizenship as the spouse through marriage, the citizenship of an adoptive parent, the citizenship of another country after acknowledgment by a foreign father or mother, or the person is a minor child or spouse of a citizen who lost citizenship due to the acquisition of citizenship of another country.";"Generally applicable provision (lapse)" 
"South Sudan";"L05";"Person who acquires a foreign citizenship";"2024";"No provision";"n.a.";"n.a.";"No provision" 
"Spain";"L05";"Person who acquires a foreign citizenship";"2024";"SPA 24(1)";"Lapse";"Person resides abroad, acquires citizenship of another country and does not submit a declaration to retain citizenship within three years. Provision does not apply to citizens of Latin American countries, Andorra, the Philippines, Equatorial Guinea or Portugal. Provision does not apply in time of war.";"Generally applicable provision but with exceptions (lapse)" 
"Sri Lanka";"L05";"Person who acquires a foreign citizenship";"2024";"SRI 19(3), 20(5), 21(1)";"Lapse";"Person is a citizen by descent or registration and voluntarily becomes a citizen of another country. Citizenship will not lapse if declaration is made for retention of citizenship and permission for dual citizenship is granted. This permission may be revoked at a later date.";"Generally applicable provision but with exceptions (lapse)" 
"Sudan";"L05";"Person who acquires a foreign citizenship";"2024";"SUD 10(2)";"Lapse";"Person has acquired de jure or de facto, the citizenship of South Sudan.";"No provision" 
"Suriname";"L05";"Person who acquires a foreign citizenship";"2024";"SUR 11(2), 11(4)";"Lapse";"Person acquires citizenship of another country by naturalisation or declaration.";"Generally applicable provision (lapse)" 
"Sweden";"L05";"Person who acquires a foreign citizenship";"2024";"No provision";"n.a.";"n.a.";"No provision" 
"Switzerland";"L05";"Person who acquires a foreign citizenship";"2024";"No provision";"n.a.";"n.a.";"No provision" 
"Syria";"L05";"Person who acquires a foreign citizenship";"2024";"No provision";"n.a.";"n.a.";"No provision" 
"Taiwan";"L05";"Person who acquires a foreign citizenship";"2024";"No provision";"n.a.";"n.a.";"No provision" 
"Tajikistan";"L05";"Person who acquires a foreign citizenship";"2024";"TAJ 23";"Withdrawal";"Person voluntarily acquires citizenship of another country (unless there is a treaty on dual citizenship between the countries).";"Generally applicable provision but with exceptions (withdrawal)" 
"Tanzania";"L05";"Person who acquires a foreign citizenship";"2024";"TAN 7(4)";"Lapse";"Person acquired citizenship of another country by voluntary act other than marriage, or acquired the citizenship of another country and fails to renounce Tanzanian citizenship.";"Generally applicable provision (lapse)" 
"Thailand";"L05";"Person who acquires a foreign citizenship";"2024";"THA 17(2), 19(2), 19(6)";"Withdrawal";"Person naturalises in another country (loss becomes effective upon publication in the gazette)";"Generally applicable provision (withdrawal)" 
"Togo";"L05";"Person who acquires a foreign citizenship";"2024";"TOG 23";"Withdrawal";"Person voluntarily acquires citizenship of another country (decree required)";"Generally applicable provision (withdrawal)" 
"Tonga";"L05";"Person who acquires a foreign citizenship";"2024";"No provision";"n.a.";"n.a.";"No provision" 
"Trinidad and Tobago";"L05";"Person who acquires a foreign citizenship";"2024";"TRI 11(1), 11(2D), 17";"Lapse";"Person acquires citizenship of another country otherwise than by marriage. Does not apply to citizens by birth or by descent. Loss cannot result in statelessness.";"Loss only applies to naturalised citizens/citizens otherwise than by birth (lapse)" 
"Tunisia";"L05";"Person who acquires a foreign citizenship";"2024";"No provision";"n.a.";"n.a. (note: constitution prohibits automatic loss of citizenhip)";"No provision" 
"Turkey";"L05";"Person who acquires a foreign citizenship";"2024";"No provision";"n.a.";"n.a.";"No provision" 
"Turkmenistan";"L05";"Person who acquires a foreign citizenship";"2024";"No provision";"n.a.";"n.a.";"No provision" 
"Tuvalu";"L05";"Person who acquires a foreign citizenship";"2024";"No provision";"n.a.";"n.a.";"No provision" 
"Uganda";"L05";"Person who acquires a foreign citizenship";"2024";"No provision";"n.a.";"n.a. (note: 2005 constitutional amendment allows retention of citizenship)";"No provision" 
"Ukraine";"L05";"Person who acquires a foreign citizenship";"2024";"UKR 2(1), 19(1), Law on occupied territories April 15, 2014 No. 1207-VII";"Withdrawal";"Person has voluntarily acquired foreign citizenship after the age of 18. Loss cannot result in statelessness. Persons living in the temporarily occupied territories (Crimea) and who automatically acquired the citizenship of the Russian Federation do not lose Ukrainian citizenship.";"Generally applicable provision (withdrawal)" 
"United Arab Emirates";"L05";"Person who acquires a foreign citizenship";"2024";"UAE 17";"Withdrawal";"Person acquires citizenship of a foreign country.";"Generally applicable provision (withdrawal)" 
"United Kingdom";"L05";"Person who acquires a foreign citizenship";"2024";"No provision";"n.a.";"n.a.";"No provision" 
"United States of America";"L05";"Person who acquires a foreign citizenship";"2024";"No provision";"n.a.";"n.a.";"No provision" 
"Uruguay";"L05";"Person who acquires a foreign citizenship";"2024";"No provision";"n.a.";"n.a.";"No provision" 
"Uzbekistan";"L05";"Person who acquires a foreign citizenship";"2024";"UZB 25";"Withdrawal";"Person has acquired citizenship of another state.";"Generally applicable provision (withdrawal)" 
"Vanuatu";"L05";"Person who acquires a foreign citizenship";"2024";"No provision";"n.a.";"n.a. (Law provides for loss of citizenship if person 'does, agrees to or adopts any act by which he becomes a national or citizen of another country' (TUV 14(1)(b), Constitution 13(1), TUV 13A), but this provision does not apply to persons recognized as dual citizens.";"No provision" 
"Venezuela";"L05";"Person who acquires a foreign citizenship";"2024";"No provision";"n.a.";"n.a.";"No provision" 
"Vietnam";"L05";"Person who acquires a foreign citizenship";"2024";"No provision";"n.a.";"n.a.";"No provision" 
"Yemen";"L05";"Person who acquires a foreign citizenship";"2024";"No provision";"n.a.";"n.a.";"No provision" 
"Zambia";"L05";"Person who acquires a foreign citizenship";"2024";"No provision";"n.a.";"n.a.";"No provision" 
"Zimbabwe";"L05";"Person who acquires a foreign citizenship";"2024";"No provision";"Lapse";"Person has acquired citizenship of another state. Note: In February 2020, the Cabinet approved the revised Zimbabwean Citizenship Bill, which allows Zimbabweans by descent to hold dual citizenship.";"Loss only applies to naturalised citizens/citizens otherwise than by birth (lapse)" 
