id,Country (or dependency),Population 2025,Density (P/Km²),Land Area (Km²),World Share
1,India,1463865525,492,2973190,17.78%
2,China,1416096094,151,9388211,17.20%
3,United States,347275807,38,9147420,4.22%
4,Indonesia,285721236,158,1811570,3.47%
5,Pakistan,255219554,331,770880,3.10%
6,Nigeria,237527782,261,910770,2.89%
7,Brazil,212812405,25,8358140,2.59%
8,Bangladesh,175686899,1350,130170,2.13%
9,Russia,143997393,9,16376870,1.75%
10,Ethiopia,135472051,135,1000000,1.65%
11,Mexico,131946900,68,1943950,1.60%
12,Japan,123103479,338,364555,1.50%
13,Egypt,118365995,119,995450,1.44%
14,Philippines,116786962,392,298170,1.42%
15,DR Congo,112832473,50,2267050,1.37%
16,Vietnam,101598527,328,310070,1.23%
17,Iran,92417681,57,1628550,1.12%
18,Turkey,87685426,114,769630,1.07%
19,Germany,84075075,241,348560,1.02%
20,Thailand,71619863,140,510890,0.87%
21,Tanzania,70545865,80,885800,0.86%
22,United Kingdom,69551332,287,241930,0.84%
23,France,66650804,122,547557,0.81%
24,South Africa,64747319,53,1213090,0.79%
25,Italy,59146260,201,294140,0.72%
26,Kenya,57532493,101,569140,0.70%
27,Myanmar,54850648,84,653290,0.67%
28,Colombia,53425635,48,1109500,0.65%
29,South Korea,51667029,531,97230,0.63%
30,Sudan,51662147,29,1765048,0.63%
31,Uganda,51384894,257,199810,0.62%
32,Spain,47889958,96,498800,0.58%
33,Algeria,47435312,20,2381740,0.58%
34,Iraq,47020774,108,434320,0.57%
35,Argentina,45851378,17,2736690,0.56%
36,Afghanistan,43844111,67,652860,0.53%
37,Yemen,41773878,79,527970,0.51%
38,Canada,40126723,4,9093510,0.49%
39,Angola,39040039,31,1246700,0.47%
40,Ukraine,38980376,67,579320,0.47%
41,Morocco,38430770,86,446300,0.47%
42,Poland,38140910,125,306230,0.46%
43,Uzbekistan,37053428,87,425400,0.45%
44,Malaysia,35977838,110,328550,0.44%
45,Mozambique,35631653,45,786380,0.43%
46,Ghana,35064272,154,227540,0.43%
47,Peru,34576665,27,1280000,0.42%
48,Saudi Arabia,34566328,16,2149690,0.42%
49,Madagascar,32740678,56,581795,0.40%
50,Côte d'Ivoire,32711547,103,318000,0.40%
51,Cameroon,29879337,63,472710,0.36%
52,Nepal,29618118,207,143350,0.36%
53,Venezuela,28516896,32,882050,0.35%
54,Niger,27917831,22,1266700,0.34%
55,Australia,26974026,4,7682300,0.33%
56,North Korea,26571036,221,120410,0.32%
57,Syria,25620427,140,183630,0.31%
58,Mali,25198821,21,1220190,0.31%
59,Burkina Faso,24074580,88,273600,0.29%
60,Sri Lanka,23229470,370,62710,0.28%
61,Taiwan,23112793,653,35410,0.28%
62,Malawi,22216120,236,94280,0.27%
63,Zambia,21913874,29,743390,0.27%
64,Chad,21003705,17,1259200,0.26%
65,Kazakhstan,20843754,8,2699700,0.25%
66,Chile,19859921,27,743532,0.24%
67,Somalia,19654739,31,627340,0.24%
68,Senegal,18931966,98,192530,0.23%
69,Romania,18908650,82,230170,0.23%
70,Guatemala,18687881,174,107160,0.23%
71,Netherlands,18346819,544,33720,0.22%
72,Ecuador,18289896,74,248360,0.22%
73,Cambodia,17847982,101,176520,0.22%
74,Zimbabwe,16950795,44,386850,0.21%
75,Guinea,15099727,61,245720,0.18%
76,Benin,14814460,131,112760,0.18%
77,Rwanda,14569341,591,24670,0.18%
78,Burundi,14390003,560,25680,0.17%
79,Bolivia,12581843,12,1083300,0.15%
80,Tunisia,12348573,79,155360,0.15%
81,South Sudan,12188788,20,610952,0.15%
82,Haiti,11906095,432,27560,0.14%
83,Belgium,11758603,388,30280,0.14%
84,Jordan,11520684,130,88780,0.14%
85,Dominican Republic,11520487,238,48320,0.14%
86,United Arab Emirates,11346000,136,83600,0.14%
87,Honduras,11005850,98,111890,0.13%
88,Cuba,10937203,103,106440,0.13%
89,Tajikistan,10786734,77,139960,0.13%
90,Papua New Guinea,10762817,24,452860,0.13%
91,Sweden,10656633,26,410340,0.13%
92,Czech Republic (Czechia),10609239,137,77240,0.13%
93,Portugal,10411834,114,91590,0.13%
94,Azerbaijan,10397713,126,82658,0.13%
95,Greece,9938844,77,128900,0.12%
96,Togo,9721608,179,54390,0.12%
97,Hungary,9632287,106,90530,0.12%
98,Israel,9517181,440,21640,0.12%
99,Austria,9113574,111,82409,0.11%
100,Belarus,8997603,44,202910,0.11%
101,Switzerland,8967407,227,39516,0.11%
102,Sierra Leone,8819794,122,72180,0.11%
103,Laos,7873046,34,230800,0.096%
104,Turkmenistan,7618847,16,469930,0.093%
105,Libya,7458555,4,1759540,0.091%
106,Hong Kong,7396076,7044,1050,0.090%
107,Kyrgyzstan,7295034,38,191800,0.089%
108,Paraguay,7013078,18,397300,0.085%
109,Nicaragua,7007502,58,120340,0.085%
110,Bulgaria,6714560,62,108560,0.082%
111,Serbia,6689039,76,87460,0.081%
112,Congo,6484437,19,341500,0.079%
113,El Salvador,6365503,307,20720,0.077%
114,Denmark,6002507,141,42430,0.073%
115,Singapore,5870750,8387,700,0.071%
116,Lebanon,5849421,572,10230,0.071%
117,Liberia,5731206,60,96320,0.070%
118,Finland,5623329,19,303890,0.068%
119,Norway,5623071,15,365268,0.068%
120,State of Palestine,5589623,929,6020,0.068%
121,Central African Republic,5513282,9,622980,0.067%
122,Oman,5494691,18,309500,0.067%
123,Slovakia,5474881,114,48088,0.067%
124,Mauritania,5315065,5,1030700,0.065%
125,Ireland,5308039,77,68890,0.064%
126,New Zealand,5251899,20,263310,0.064%
127,Costa Rica,5152950,101,51060,0.063%
128,Kuwait,5026078,282,17820,0.061%
129,Panama,4571189,61,74340,0.056%
130,Croatia,3848160,69,55960,0.047%
131,Georgia,3806671,55,69490,0.046%
132,Eritrea,3607003,36,101000,0.044%
133,Mongolia,3517100,2,1553560,0.043%
134,Uruguay,3384688,19,175020,0.041%
135,Puerto Rico,3235289,365,8870,0.039%
136,Bosnia and Herzegovina,3140095,62,51000,0.038%
137,Qatar,3115889,268,11610,0.038%
138,Namibia,3092816,4,823290,0.038%
139,Moldova,2996106,91,32850,0.036%
140,Armenia,2952365,104,28470,0.036%
141,Jamaica,2837077,262,10830,0.034%
142,Lithuania,2830144,45,62674,0.034%
143,Gambia,2822093,279,10120,0.034%
144,Albania,2771508,101,27400,0.034%
145,Gabon,2593130,10,257670,0.032%
146,Botswana,2562122,5,566730,0.031%
147,Lesotho,2363325,78,30360,0.029%
148,Guinea-Bissau,2249515,80,28120,0.027%
149,Slovenia,2117072,105,20140,0.026%
150,Equatorial Guinea,1938431,69,28050,0.024%
151,Latvia,1853559,30,62200,0.023%
152,North Macedonia,1813791,72,25220,0.022%
153,Bahrain,1643332,2162,760,0.020%
154,Trinidad and Tobago,1511155,295,5130,0.018%
155,Timor-Leste,1418517,95,14870,0.017%
156,Cyprus,1370754,148,9240,0.017%
157,Estonia,1344232,32,42390,0.016%
158,Mauritius,1268280,625,2030,0.015%
159,Eswatini,1256174,73,17200,0.015%
160,Djibouti,1184076,51,23180,0.014%
161,Fiji,933154,51,18270,0.011%
162,Comoros,882847,474,1861,0.011%
163,Réunion,882405,353,2500,0.011%
164,Solomon Islands,838645,30,27990,0.010%
165,Guyana,835986,4,196850,0.010%
166,Bhutan,796682,21,38117,0.0097%
167,Macao,722007,24067,30,0.0088%
168,Luxembourg,680453,263,2590,0.0083%
169,Suriname,639850,4,156000,0.0078%
170,Montenegro,632729,47,13450,0.0077%
171,Western Sahara,600904,2,266000,0.0073%
172,Malta,545405,1704,320,0.0066%
173,Maldives,529676,1766,300,0.0064%
174,Cabo Verde,527326,131,4030,0.0064%
175,Brunei,466330,88,5270,0.0057%
176,Belize,422924,19,22810,0.0051%
177,Bahamas,403033,40,10010,0.0049%
178,Iceland,398266,4,100250,0.0048%
179,Guadeloupe,373791,221,1690,0.0045%
180,Martinique,340439,321,1060,0.0041%
181,Mayotte,337011,899,375,0.0041%
182,Vanuatu,335169,27,12190,0.0041%
183,French Guiana,313666,4,82200,0.0038%
184,New Caledonia,295333,16,18280,0.0036%
185,Barbados,282623,657,430,0.0034%
186,French Polynesia,282465,77,3660,0.0034%
187,Sao Tome & Principe,240254,250,960,0.0029%
188,Samoa,219306,77,2830,0.0027%
189,Curaçao,185487,418,444,0.0023%
190,Saint Lucia,180149,295,610,0.0022%
191,Guam,168999,313,540,0.0021%
192,Kiribati,136488,169,810,0.0017%
193,Seychelles,132779,289,460,0.0016%
194,Grenada,117303,345,340,0.0014%
195,Micronesia,113683,162,700,0.0014%
196,Aruba,108147,601,180,0.0013%
197,Tonga,103742,144,720,0.0013%
198,St. Vincent & Grenadines,99924,256,390,0.0012%
199,Antigua and Barbuda,94209,214,440,0.0011%
200,U.S. Virgin Islands,84138,240,350,0.0010%
201,Isle of Man,84118,148,570,0.0010%
202,Andorra,82904,176,470,0.0010%
203,Cayman Islands,75844,316,240,0.00092%
204,Dominica,65871,88,750,0.00080%
205,Bermuda,64555,1291,50,0.00078%
206,Faeroe Islands,56002,40,1396,0.00068%
207,Greenland,55745,0,410450,0.00068%
208,Saint Kitts & Nevis,46922,180,260,0.00057%
209,Turks and Caicos,46855,49,950,0.00057%
210,American Samoa,46029,230,200,0.00056%
211,Sint Maarten,43923,1292,34,0.00053%
212,Northern Mariana Islands,43541,95,460,0.00053%
213,Liechtenstein,40128,251,160,0.00049%
214,Gibraltar,40126,4013,10,0.00049%
215,British Virgin Islands,39732,265,150,0.00048%
216,Monaco,38341,25732,1,0.00047%
217,Marshall Islands,36282,202,180,0.00044%
218,San Marino,33572,560,60,0.00041%
219,Caribbean Netherlands,31338,96,328,0.00038%
220,Palau,17663,38,460,0.00021%
221,Anguilla,14728,164,90,0.00018%
222,Cook Islands,13263,55,240,0.00016%
223,Nauru,12025,601,20,0.00015%
224,Saint Barthelemy,11414,544,21,0.00014%
225,Wallis & Futuna,11194,80,140,0.00014%
226,Tuvalu,9492,316,30,0.00012%
227,Saint Pierre & Miquelon,5574,24,230,0.000068%
228,Saint Helena,5197,13,390,0.000063%
229,Montserrat,4359,44,100,0.000053%
230,Falkland Islands,3469,0,12170,0.000042%
231,Tokelau,2608,261,10,0.000032%
232,Niue,1821,7,260,0.000022%
233,Holy See,501,1253,0,0.0000061%
